{"fill": [26.279710000000005, 24.234650000000002, 24.39756999999999, 24.418780000000005, 24.349520000000005, 23.15987, 22.505930000000006, 15.830350000000001], "schladen": [89.34480000000003, 89.39999999999992, 89.38539999999993, 89.39289999999995, 89.39339999999994, 89.3841, 89.38450000000003, 89.35210000000001], "ohrum": [76.56840000000004, 76.69069999999998, 76.66009999999997, 76.66259999999998, 76.67609999999999, 76.68909999999988, 76.68639999999994, 76.57280000000003], "schaeferbruecke": [72.35769999999998, 72.36990000000003, 72.36290000000007, 72.3607, 72.3634, 72.36300000000001, 72.36509999999998, 72.3682], "eisenbuetteler_wehr": [70.60450000000002, 70.63620000000003, 70.61300000000003, 70.61620000000002, 70.63670000000003, 70.58250000000002, 70.59270000000001, 70.56840000000001], "wendenwehr": [69.35590000000003, 69.33670000000006, 69.34010000000002, 69.33610000000004, 69.33780000000003, 69.3279, 69.33750000000003, 69.30930000000004]}