{"fill":[26.279710000000005, 24.533219999999993, 23.694559999999996, 25.081310000000002, 24.599359999999997, 23.964169999999996, 22.389969999999998, 18.440540000000006], "schladen": [89.34480000000003, 89.40029999999992, 89.37969999999994, 89.39359999999995, 89.39489999999995, 89.38599999999998, 89.37700000000001, 89.34620000000001], "ohrum": [76.56840000000004, 76.69159999999998, 76.657, 76.6634, 76.67479999999999, 76.69889999999992, 76.68929999999989, 76.57210000000002], "schaeferbruecke": [72.35769999999998, 72.36920000000003, 72.36210000000007, 72.36139999999999, 72.363, 72.36410000000002, 72.36469999999998, 72.1948], "eisenbuetteler_wehr": [70.60450000000002, 70.63960000000003, 70.61630000000001, 70.62290000000002, 70.6366, 70.57570000000004, 70.5896, 70.5734], "wendenwehr": [69.35590000000003, 69.33330000000007, 69.33780000000006, 69.33190000000002, 69.33550000000002, 69.32140000000003, 69.33530000000002, 69.26250000000006]}